"DESCRIPTION","DURATION IN MS","NAME","PARENT SUITE","START TIME","STATUS","STOP TIME","SUB SUITE","SUITE","TEST CLASS","TEST METHOD"
"","56","test_product_price_sorting[chromium]","tests","Thu May 14 10:46:00 UTC 2026","passed","Thu May 14 10:46:00 UTC 2026","","test_sauce_demo","",""
"","18","test_create_post","tests","Thu May 14 10:45:58 UTC 2026","passed","Thu May 14 10:45:58 UTC 2026","","test_api","",""
"","16","test_delete_post","tests","Thu May 14 10:45:58 UTC 2026","passed","Thu May 14 10:45:58 UTC 2026","","test_api","",""
"","382","test_get_single_post","tests","Thu May 14 10:45:58 UTC 2026","passed","Thu May 14 10:45:58 UTC 2026","","test_api","",""
"","44","test_full_shopping_flow[chromium]","tests","Thu May 14 10:46:00 UTC 2026","failed","Thu May 14 10:46:00 UTC 2026","","test_sauce_demo","",""
"","0","test_iframe_handling[chromium]","tests","Thu May 14 10:45:59 UTC 2026","skipped","Thu May 14 10:45:59 UTC 2026","","test_complex_ui","",""
"","20","test_update_post","tests","Thu May 14 10:45:58 UTC 2026","passed","Thu May 14 10:45:58 UTC 2026","","test_api","",""
"","257","test_multiple_windows[chromium]","tests","Thu May 14 10:45:59 UTC 2026","passed","Thu May 14 10:45:59 UTC 2026","","test_complex_ui","",""
"","254","test_javascript_alerts[chromium]","tests","Thu May 14 10:45:58 UTC 2026","passed","Thu May 14 10:45:59 UTC 2026","","test_complex_ui","",""
